ページ,話者,尺(秒),読み上げテキスト,区分,文字数,速さ(文字/秒)
P01,モフティ,2.5,やあ！ みんな、こんにちはー！,原文,11,4.4
P03,モフティ,5,わあ、げんきな こえだね！ ぼくは たんていみならいの、モフティだよ！,補完,28,5.6
P04,モフティ,4,きょうも げんきに パトロール、しゅっぱーつ！ …わわっ！,補完,22,5.5
P06,モフティ,2.5,えへへ…だいじょうぶ、だいじょうぶ！,原文,15,6.0
P08,モフティ,5,あれ？ おてがみだ！ なになに…「あかちゃんたちが…」,原文,19,3.8
P09,モフティ,4,たいへんだ！ あかちゃんきょうりゅうたちが、まいごに…,原文,23,5.8
P10,モフティ,6,ぼく ひとりじゃ、さがせないんだ…。みんな、いっしょに さがしてくれる？,補完,29,4.8
P12,モフティ,4.5,ありがとう！ …よーし、いくよー！,補完,12,2.7
P13,モフティ,4,きえた あかちゃんきょうりゅうを さがせ！,追加,18,4.5
P14,モフティ,3,だい いち もん！,追加,6,2.0
P15,モフティ,7,さいしょは、くさむらだよ！ ここに、トリケラトプスの あかちゃんが、かくれているんだって。,補完,38,5.4
P16,モフティ,7,トリケラトプスは、ツノが あるきょうりゅうなんだ。ヒントは、ツノ！ それじゃあ、よーい、スタート！,補完,40,5.7
P20,モフティ,3,わかったかな？ せーのっ…ここだー！,原文,14,4.7
P21,トリケラ,3,きゅぴっ！,追加,4,1.3
P22,モフティ,5,いたー！ トリケラトプスの あかちゃん、みーつけた！,原文,21,4.2
P23,モフティ,5,みんな、ゆびさせたかな？ すごいな！,原文,14,2.8
P24,モフティ,6,まめちしき！ ツノが なんぼん あるかな？,原文,16,2.7
P25,モフティ,2,いち！,原文,2,1.0
P26,モフティ,2,にー！,原文,2,1.0
P27,モフティ,2,さん！,原文,2,1.0
P28,モフティ,4,さんぼん！ ツノが さんぼん あるんだよ！,原文,16,4.0
P30,モフティ,3,のこりは あと にひき！ つぎへ しゅっぱーつ！,原文,18,6.0
P31,モフティ,3,だい に もん！,追加,5,1.7
P32,モフティ,7,つぎは、いわと きが いっぱいの ばしょだよ。ここに、ステゴサウルスの あかちゃんが、かくれているんだって。,補完,45,6.4
P33,モフティ,6,こんどは ちょっと むずかしいぞ〜。それじゃあ、よーい、スタート！,補完,26,4.3
P37,モフティ,4,うーん、どこかな〜。…あっ、わかった！ ここだっ！,原文,17,4.2
P39,モフティ,4,…あれ？ ただの いわだった〜！,原文,10,2.5
P40,モフティ,7,ヒントを だすね！ ステゴサウルスの せなかには、さんかくの いたが ならんでいるんだ。,補完,36,5.1
P41,モフティ,3,もういちど さがしてみよう！ いくよー！,原文,16,5.3
P43,モフティ,3,みつけられたかな？ せーのっ…ここだー！,原文,16,5.3
P44,ステゴ,3,ぷしゅ〜♪,追加,3,1.0
P45,モフティ,5,いたいた！ ステゴサウルスの あかちゃん、みーつけた！,原文,22,4.4
P46,モフティ,4,さんかくの いたが ヒントだったね。めいたんていの めだな！,補完,25,6.2
P47,モフティ,4,まめちしき！ ステゴサウルスの しっぽにはね…,原文,19,4.8
P48,モフティ,4,…とがった トゲが ついているんだ。,原文,14,3.5
P49,モフティ,5,この しっぽを ぶんぶん ふって、みを まもったんだよ！,原文,22,4.4
P50,モフティ,3,みんなも いっしょに、しっぽ ふりふり〜！,原文,16,5.3
P55,モフティ,4,じょうずー！ さあ、さいごの いっぴきを さがしにいこう！,原文,23,5.8
P56,モフティ,3,だい さん もん！,追加,6,2.0
P57,モフティ,7,さいごは、この もりだよ。ここに、プテラノドンの あかちゃんが、いるんだって。,補完,32,4.6
P58,モフティ,7,じめんには…いない。…よーし、よーい、スタート！,補完,18,2.6
P61,モフティ,5,うーん、みつからないな〜。…あっ、そうだ！ プテラノドンは、そらを とべるんだった！,補完,32,6.4
P62,モフティ,3,ヒント！ みんな、うえを みあげてみて！,原文,15,5.0
P64,モフティ,4,たかーい きの うえに、とがった くちばしが…。よーし、いくよー！,補完,25,6.2
P67,モフティ,4,さいごは みんなで いっしょに いうよ！ せーのっ…ここだー！,原文,24,6.0
P68,プテラ,3,きゅーっ！,追加,4,1.3
P70,モフティ,5,わわっ！ プテラノドンの あかちゃん、みーつけた！,原文,20,4.0
P71,モフティ,4,いちばん むずかしい もんだいだったのに…すごすぎる！,補完,23,5.8
P72,モフティ,2,ええーっ！,追加,4,2.0
P72,モフティ,6,まめちしき！ じつはね…プテラノドンは、きょうりゅうじゃ ないんだ！,補完,28,4.7
P73,モフティ,8,「よくりゅう」っていう、きょうりゅうの いとこみたいな なかまなんだ！ そらを とぶ なかまだよ。,補完,39,4.9
P74,モフティ,4,だから、きょうりゅうの みんなとも なかよしなんだね！,原文,23,5.8
P75,モフティ,5,トリケラトプス、ステゴサウルス、プテラノドン…みーんな そろった！,原文,28,5.6
P76,トリケラ,1.3,きゅぴっ！,追加,4,3.1
P76,ステゴ,1.3,ぷしゅ〜♪,追加,3,2.3
P76,プテラ,1.4,きゅーっ！,追加,4,2.9
P77,モフティ,5,みんなの おかげで みつかったよ！ ほんとうに ありがとう！,原文,24,4.8
P78,モフティ,5,さいごに クイズ！ トリケラトプスの ツノは、なんぼん だったかな？,原文,27,5.4
P79,モフティ,3,そう！ さんぼん！ よく おぼえていたね！,原文,15,5.0
P80,モフティ,7,きょうは、くさむらも、いわも、もりも…。きみも、きょうから めいたんていだな！,補完,31,4.4
P81,モフティ,4,めいたんてい にんていしょう！,追加,13,3.2
P82,モフティ,7,おうちの ひとと いっしょに、チャンネルとうろくと、グッドボタンを おしてね！,補完,33,4.7
P83,モフティ,4,つぎも いっしょに たんていしようね！ みんな、ばいばーい！,原文,24,6.0
